イベント名,イベントのフォルダ名,イベント開始日,撮影日,サブグループ,サブグループのフォルダ名,ファイル名[枚数],ファイル名,拡張子,最新更新,小池 美波,齋藤 冬優花,上村 莉菜,井上 梨名,遠藤 光莉,大園 玲,大沼 晶保,幸阪 茉里乃,武元 唯衣,田村 保乃,藤吉 夏鈴,増本 綺良,松田 里奈,森田 ひかる,守屋 麗奈,山﨑 天,石森 璃花,遠藤 理子,小田倉 麗奈,小島 凪紗,谷口 愛季,中嶋 優月,的野 美青,向井 純葉,村井 優,村山 美羽,山下 瞳月,小林 由依,土生 瑞穂,関 有美子,菅井 友香,尾関 梨香,原田 葵,渡邉 理佐,守屋 茜,渡辺 梨加,松平 璃子
イベント名,イベントのフォルダ名,イベント開始日,撮影日,サブグループ,サブグループのフォルダ名,ファイル名[枚数],ファイル名,拡張子,最新更新,小池_美波,齋藤_冬優花,上村_莉菜,井上_梨名,遠藤_光莉,大園_玲,大沼_晶保,幸阪_茉里乃,武元_唯衣,田村_保乃,藤吉_夏鈴,増本_綺良,松田_里奈,森田_ひかる,守屋_麗奈,山﨑_天,石森_璃花,遠藤_理子,小田倉_麗奈,小島_凪紗,谷口_愛季,中嶋_優月,的野_美青,向井_純葉,村井_優,村山_美羽,山下_瞳月,小林_由依,土生_瑞穂,関_有美子,菅井_友香,尾関_梨香,原田_葵,渡邉_理佐,守屋_茜,渡辺_梨加,松平_璃子
10thシングル『I want tomorrow to come』パネル展示,10thシングル『I_want_tomorrow_to_come』パネル展示,2024/10/22,2024/10/26,SHIBUYA TSUTAYA,SHIBUYA_TSUTAYA,I want tomorrow to come パネル[63],I_want_tomorrow_to_come_パネル,jpg,2025/03/18 19:05:02,,,,,,〇,,,〇,〇,〇,,〇,〇,〇,〇,,,,,〇,〇,〇,〇,,〇,〇,,,,,,,,,,
10thシングル『I want tomorrow to come』パネル展示,10thシングル『I_want_tomorrow_to_come』パネル展示,2024/10/22,2024/10/26,SHIBUYA TSUTAYA,SHIBUYA_TSUTAYA,僕は僕を好きになれない パネル[74],僕は僕を好きになれない_パネル,jpg,2025/03/18 19:05:02,〇,〇,〇,〇,〇,,〇,〇,,,,〇,,,,,〇,〇,,〇,,,,,〇,,,,,,,,,,,,
10thシングル『I want tomorrow to come』パネル展示,10thシングル『I_want_tomorrow_to_come』パネル展示,2024/10/22,2024/10/26,SHIBUYA TSUTAYA,SHIBUYA_TSUTAYA,メンバーパネル[134],メンバーパネル,jpg,2025/03/18 19:05:02,〇,〇,〇,〇,〇,〇,〇,〇,〇,〇,〇,〇,〇,〇,〇,〇,〇,〇,〇,〇,〇,〇,〇,〇,〇,〇,〇,,,,,,,,,,
10thシングル『I want tomorrow to come』パネル展示,10thシングル『I_want_tomorrow_to_come』パネル展示,2024/10/22,2024/10/26,SHIBUYA TSUTAYA,SHIBUYA_TSUTAYA,メンバーフラッグ[30],メンバーフラッグ,jpg,2025/03/18 19:05:02,〇,〇,〇,〇,〇,〇,〇,〇,〇,〇,〇,〇,〇,〇,〇,〇,〇,〇,〇,〇,〇,〇,〇,〇,〇,〇,〇,,,,,,,,,,
田村保乃2nd写真集『隣の席になりたい』発売記念パネル展,田村保乃2nd写真集『隣の席になりたい』発売記念パネル展,2024/10/22,2024/10/26,SHIBUYA TSUTAYA,SHIBUYA_TSUTAYA,SHIBUYA TSUTAYA[27],SHIBUYA_TSUTAYA,jpg,2025/03/18 19:05:02,,,,,,,,,,〇,,,,,,,,,,,,,,,,,,,,,,,,,,,
Venue101 EXTRA 特別展示会,Venue101_EXTRA_特別展示会,2024/10/04,2024/10/05,Venue101 EXTRA 特別展示会,Venue101_EXTRA_特別展示会,Venue101 EXTRA 特別展示会[6],Venue101_EXTRA_特別展示会,jpg,2025/03/21 17:28:42,,,,,,,,,,,,,,,,,,,,,,,,,,,〇,,,,,,,,,,
ARTBAY TOKYOアートフェスティバル2024,ARTBAY_TOKYOアートフェスティバル2024,2024/09/27,2024/10/05,ARTBAY TOKYOアートフェスティバル2024,ARTBAY_TOKYOアートフェスティバル2024,ARTBAY TOKYOアートフェスティバル2024[50],ARTBAY_TOKYOアートフェスティバル2024,jpg,2025/03/21 16:06:42,,,,〇,,,〇,,〇,,,〇,,,,,,,,,,,,,,,,,,,,,,,,,
『YUI KOBAYASHI GRADUATION CONCERT』発売記念パネル展,『YUI_KOBAYASHI_GRADUATION_CONCERT』発売記念パネル展,2024/08/27,2024/08/30,SHIBUYA TSUTAYA,SHIBUYA_TSUTAYA,SHIBUYA TSUTAYA[42],SHIBUYA_TSUTAYA,jpg,2025/03/21 17:09:57,〇,〇,〇,〇,〇,〇,〇,〇,〇,〇,〇,〇,〇,〇,〇,〇,〇,〇,〇,〇,〇,〇,〇,〇,〇,〇,〇,〇,,,,,,,,,
『YUI KOBAYASHI GRADUATION CONCERT』発売記念パネル展,『YUI_KOBAYASHI_GRADUATION_CONCERT』発売記念パネル展,2024/08/27,2024/08/30,タワーレコード渋谷店,タワーレコード渋谷店,タワーレコード渋谷店[4],タワーレコード渋谷店,jpg,2025/03/21 17:13:58,,,,,,,,,,,,,,,,,,,,,,,〇,,,,,〇,,,,,,,,,
サクラミーツ食堂,サクラミーツ食堂,2024/08/12,2024/08/17,サクラミーツ食堂,サクラミーツ食堂,サクラミーツ食堂[9],サクラミーツ食堂,jpg,2025/03/21 14:53:53,,,,〇,,,〇,,〇,,,〇,,,,,,,,,,,,,,,,,,,,,,,,,
新米記者トロッ子,新米記者トロッ子,2024/08/09,2024/08/17,新米記者トロッ子,新米記者トロッ子,新宿テアトル[27],新宿テアトル,jpg,2025/03/21 14:22:33,,,,,,,,,,,〇,,,,,,,,,,,,,,,,,,,,,,,,,,
新参者 in TOKYU KABUKICHO TOWER,新参者_in_TOKYU_KABUKICHO_TOWER,2023/10/27,2023/10/29,新参者 in TOKYU KABUKICHO TOWER,新参者_in_TOKYU_KABUKICHO_TOWER,新参者 in TOKYU KABUKICHO TOWER[14],新参者_in_TOKYU_KABUKICHO_TOWER,jpg,2025/03/20 15:43:36,,,,,,,,,,,,,,,,,〇,〇,〇,〇,〇,〇,〇,〇,〇,〇,〇,,,,,,,,,,
櫻坂46展「新せ界」,櫻坂46展「新せ界」,2023/07/28,2023/09/15,櫻坂46展「新せ界」,櫻坂46展「新せ界」,展示[83],展示,jpg,2025/03/18 23:26:59,,〇,〇,〇,,〇,〇,〇,〇,〇,〇,〇,〇,〇,〇,〇,〇,〇,〇,〇,〇,〇,〇,〇,〇,〇,〇,〇,〇,,,,,,,,
櫻坂46展「新せ界」,櫻坂46展「新せ界」,2023/07/28,2023/10/29,櫻坂46展「新せ界」,櫻坂46展「新せ界」,別日[68],別日,jpg,2025/03/18 23:30:12,〇,〇,〇,〇,〇,〇,〇,〇,〇,〇,〇,〇,〇,〇,〇,〇,〇,〇,〇,〇,〇,〇,〇,〇,〇,〇,〇,〇,〇,,,,,,,,
